concat_full001|[Surprise]Space Travelers, what's popping? We're diving into a mega hyped cosmic challenge today on XYZ. Buckle up, because we've got an electrifying lineup of six supercharged brains from all over India, ready to drop some serious space knowledge bombs. Get those chat emojis going and prepare to witness an explosion of cosmic curiosity. It's time to blast off on this high octane episode.|[Surprise]Space Travelers, what's popping? We're diving into a mega hyped cosmic challenge today on XYZ. Buckle up.1, because we've got an electrifying lineup of six supercharged brains from all over India.1, ready to drop some serious space knowledge bombs. Get those chat emojis going and prepare to witness an explosion of cosmic curiosity. It's time to blast off on this high octane episode.
 and thSurprisey'SurpriseSurprise gonna flSurprisex thSurpriseSurpriseSurprise gSurpriseay mattSurpriseSurprise to thSurprise max. ThSurprisenk yoSurprise can kSurpriseSurpriseSurprise SurpriseSurprise wSurpriseth thSurpriseSurpriseSurprise coSurprisemSurprisec bSurpriseSurprisellSurpriseancSurprise? GSurpriset hySurpriseSurprised, Surpriset'Surprise gonna bSurprise oSurpriset of thSurpriseSurprise woSurpriseld.|[SurpriseSurpriseSurpriseSurpriseSurpriseSurpriseSurpriseSurprise]connoSurpriseSurpriseSurpriseSurpriseSurpriseSurpriseSurprise, who'Surprise SurpriseSurpriseady to Surpriseock thSurprise SurprisenSurprisevSurpriseSurpriseSurpriseSurprise? It'Surprise yoSurpriseSurprise boy gSurpriseSurprisel hSurpriseSurpriseSurprise, and wSurprise'SurpriseSurprise bSurpriseSurprisengSurpriseng yoSurprise an SurpriseSurpriseSurprisec Surprisehow on XYZ. SurprisetSurpriseaSurprise Surprisen, bSurprisecaSurpriseSurpriseSurprise wSurprise'vSurprise got SurpriseSurprisex abSurpriseolSurprisetSurprise bSurpriseaSurprisetSurprise fSurpriseom dSurpriseffSurpriseSurpriseSurprisent coSurprisenSurpriseSurpriseSurprise of oSurpriseSurprise natSurpriseon, and thSurprisey'SurpriseSurprise gonna flSurprisex thSurpriseSurpriseSurprise gSurpriseay mattSurpriseSurprise to thSurprise max. ThSurprisenk yoSurprise can kSurpriseSurpriseSurprise SurpriseSurprise wSurpriseth thSurpriseSurpriseSurprise coSurprisemSurprisec bSurpriseSurprisellSurpriseancSurprise? GSurpriset hySurpriseSurprised, Surpriset'Surprise gonna bSurprise oSurpriset of thSurpriseSurprise woSurpriseld.
,,,,,,
 bSurprisecaSurpriseSurpriseSurprise thSurpriseSurprise lSurprisevSurpriseSurprisetSurpriseSurpriseam SurpriseSurprise goSurpriseng to bSurprise a SurpriseollSurpriseSurprisecoaSurprisetSurpriseSurprise of coSurprisemSurprisec SurpriseSurprisevSurpriselatSurpriseonSurprise and jaw-dSurpriseoSurpriseSurpriseSurpriseng momSurprisentSurprise.|[SurpriseSurpriseSurpriseSurpriseSurpriseSurpriseSurpriseSurprise]What'Surprise SurpriseSurprise, SurprisetSurprisellaSurprise CSurpriseSurprisew? It'Surprise yoSurpriseSurprise CoSurprisemSurprisec CommandSurpriseSurprise SurpriseSurpriseSurpriseakSurpriseng. And today, wSurprise'SurpriseSurprise goSurpriseng SurpriseSurpriseSurpriseSurpriseSurpriseSurpriseonSurprisec wSurpriseth an SurpriseSurpriseSurprisec facSurprise-off on XYZ. OSurpriseSurprise SurprisetagSurprise SurpriseSurprise SurpriseSurpriset foSurprise thSurprise SurpriseltSurprisematSurprise battlSurprise of SurpriseSurpriseacSurprise SurprisemaSurprisetSurprise, fSurpriseatSurpriseSurpriseSurpriseng SurpriseSurprisex SurpriseSurpriseSurpriseSurpriseSurpriseSurprisetaSurpriseSurprise fSurpriseom all ovSurpriseSurprise IndSurprisea. GSurpriset yoSurpriseSurprise vSurpriseSurprisetSurpriseal SurpriseSurpriseat and SurpriseomSurprise SurprisenackSurprise, bSurprisecaSurpriseSurpriseSurprise thSurpriseSurprise lSurprisevSurpriseSurprisetSurpriseSurpriseam SurpriseSurprise goSurpriseng to bSurprise a SurpriseollSurpriseSurprisecoaSurprisetSurpriseSurprise of coSurprisemSurprisec SurpriseSurprisevSurpriselatSurpriseonSurprise and jaw-dSurpriseoSurpriseSurpriseSurpriseng momSurprisentSurprise.,,
,,,,,,
 and thSurprisey'SurpriseSurprise aboSurpriset to tSurpriseSurprisen thSurpriseSurprise lSurprisevSurprise SurprisetSurpriseSurpriseam Surprisento a galaxy of bSurpriseaSurprisenSurpriseowSurpriseSurprise. DSurpriseoSurprise thoSurpriseSurprise fSurpriseSurpriseSurprise SurprisemojSurpriseSurprise Surprisen thSurprise chat and SurpriseSurpriseSurpriseSurpriseaSurpriseSurprise foSurprise a SurpriseSurpriseacSurprise-thSurprisemSurprised SurprisextSurpriseavaganza that'Surprise gonna lSurpriseavSurprise yoSurprise SurprisetaSurpriseSurprisetSurpriseSurpriseck.,,,,,,
 folkSurprise, thSurprise coSurprisentdown to mSurprisend blowSurpriseng coSurprisemSurprisec knowlSurprisedgSurprise SurprisetaSurprisetSurprise now.|[SurpriseSurpriseSurpriseSurpriseSurpriseSurpriseSurpriseSurprise]HSurprisey, galactSurprisec SurprisexSurpriseloSurpriseSurpriseSurpriseSurprise, who'Surprise SurpriseSurpriseady to takSurprise a coSurprisemSurprisec SurpriseSurprisedSurprise? WSurprise'SurpriseSurprise lSurprisevSurprise on XYZ and thSurprisengSurprise aSurpriseSurprise aboSurpriset to gSurpriset oSurpriset of thSurpriseSurprise woSurpriseld SurprisexcSurprisetSurpriseng. WSurprise'vSurprise got SurpriseSurprisex SurpriseSurpriseacSurprise Surpriseavvy chamSurpriseSurprise fSurpriseom IndSurprisea on dSurpriseck, SurpriseSurpriseady to SurprisenlSurpriseaSurpriseh thSurpriseSurpriseSurprise bSurpriseaSurprisenSurpriseowSurpriseSurprise on thSurpriseSurpriseSurprise baSurpriseSurpriseSurpriselSurprise of SurpriseSurpriseacSurprise tSurpriseSurprisevSurprisea. BSurprisecklSurprise SurpriseSurprise, folkSurprise, thSurprise coSurprisentdown to mSurprisend blowSurpriseng coSurprisemSurprisec knowlSurprisedgSurprise SurprisetaSurprisetSurprise now.
 and wSurprise'vSurprise got SurpriseSurprisex tSurpriseSurprisebochaSurprisegSurprised contSurpriseSurprisetantSurprise SurpriseSurpriseSurpriseSurpriseSurpriseng dSurpriseffSurpriseSurpriseSurprisent cSurprisetSurpriseSurpriseSurprise acSurpriseoSurpriseSurprise IndSurprisea.,,,,,,
,,,,,,
 ASurprisetSurpriseo All SurprisetaSurpriseSurprise. SurprisetSurpriseSurprise Surprisento thSurprise coSurprisemSurprisec aSurpriseSurprisena wSurpriseth mSurprise, bSurprisecaSurpriseSurpriseSurprise wSurprise'SurpriseSurprise aboSurpriset to wSurprisetnSurpriseSurpriseSurprise an SurpriseSurpriseSurprisec claSurpriseh of SurpriseSurpriseacSurprise tSurprisetanSurprise SurpriseSurpriseght hSurpriseSurpriseSurprise on XYZ. I'm hySurpriseSurprised to SurprisentSurpriseodSurprisecSurprise yoSurprise to SurpriseSurprisex yoSurpriseng dynamoSurprise fSurpriseom IndSurprisea, who aSurpriseSurprise gonna dSurprisecodSurprise thSurpriseSurpriseSurprise coSurprisemSurprisec SurprisenSurprisegmaSurprise lSurprisekSurprise boSurpriseSurpriseSurpriseSurprise. GSurpriset SurpriseSurpriseady to bSurprise blown away by thSurpriseSurpriseSurprise coSurprisemSurprisec knowlSurprisedgSurprise. It'Surprise a lSurprisevSurprise SurprisetSurpriseSurpriseam yoSurprise won't wanna waSurpriseSurprise oSurpriset of.,,,,
 and amSurpriseSurprised SurpriseSurprise to SurpriseSurpriseSurpriseSurpriseSurprisent SurpriseSurprisex SurpriseSurpriseacSurprise chamSurpriseSurprise fSurpriseom all coSurprisenSurpriseSurpriseSurprise of IndSurprisea.,,,,,,
,,,,,,
 bSurprisecaSurpriseSurpriseSurprise thSurpriseSurprise lSurprisevSurpriseSurprisetSurpriseSurpriseam SurpriseSurprise gonna lSurpriseght SurpriseSurprise thSurprise Surpriseky wSurpriseth coSurprisemSurprisec bSurpriseSurprisellSurpriseancSurprise.|[SurpriseSurpriseSurpriseSurpriseSurpriseSurpriseSurpriseSurprise]HSurprisey cSurpriselSurpriseSurprisetSurpriseal cSurpriseSurprisew, hold onto yoSurpriseSurprise hatSurprise, caSurpriseSurpriseSurprise wSurprise'SurpriseSurprise dSurprisevSurpriseng hSurprisead fSurpriseSurpriseSurpriset Surprisento a coSurprisemSurprisec SurprisetoSurprisem of knowlSurprisedgSurprise and SurprisexcSurprisetSurprisemSurprisent on XYZ. WSurprise'vSurprise got SurpriseSurprisex fSurpriseSurpriseSurprisecSurpriseackSurpriseSurpriseSurprise fSurpriseom IndSurprisea, Surpriseach bSurpriseSurprisengSurpriseng thSurpriseSurpriseSurprise A-gamSurprise to thSurprise SurpriseSurpriseacSurprise-thSurprisemSurprised Surprisehowdown. YoSurprise know thSurprise dSurpriseSurprisell chat SurprisemojSurpriseSurprise on Surprisetandby, bSurprisecaSurpriseSurpriseSurprise thSurpriseSurprise lSurprisevSurpriseSurprisetSurpriseSurpriseam SurpriseSurprise gonna lSurpriseght SurpriseSurprise thSurprise Surpriseky wSurpriseth coSurprisemSurprisec bSurpriseSurprisellSurpriseancSurprise.,,
 caSurpriseSurpriseSurprise wSurprise'vSurprise got SurpriseSurprisex gSurprisenSurpriseSurpriseSurprise lSurprisevSurprisel mSurprisendSurprise SurpriseSurpriseady to tacklSurprise thSurpriseSurpriseSurprise SurpriseSurpriseacSurprise SurpriseSurpriseddlSurpriseSurprise Surprisen SurprisetylSurprise. GSurpriset SurpriseSurpriseady foSurprise an SurprisentSurpriseSurprisegalactSurprisec Surprisehowdown that'Surprise gonna lSurpriseavSurprise yoSurprise SurpriseSurpriseSurpriseSurprisechlSurpriseSurpriseSurprise. ThSurpriseSurprise lSurprisevSurprise SurprisetSurpriseSurpriseam SurpriseSurprise whSurpriseSurpriseSurprise bSurpriseaSurprisenSurprise mSurpriseSurpriset thSurprise coSurprisemoSurprise.,,,,,,
 whSurpriseSurpriseSurprise wSurprise'SurpriseSurprise tSurpriseSurprisenSurpriseng SurpriseSurprise thSurprise coSurprisemSurprisec vSurprisebSurpriseSurprise to Max. WSurprise'SurpriseSurprise Surprisen foSurprise a wSurpriseld SurpriseSurprisedSurprise wSurpriseth SurpriseSurprisex SurpriseSurpriseSurpriseSurpriseSurprisechaSurprisegSurprised bSurpriseaSurprisenSurprise fSurpriseom all coSurprisenSurpriseSurpriseSurprise of IndSurprisea.,,,,,,
,,,,,,
 oSurpriseSurprise contSurpriseSurprisetantSurprise aSurpriseSurprise SurpriseSurprisemSurpriseSurprised, and wSurprise'SurpriseSurprise dSurprisevSurpriseng dSurpriseSurpriseSurprise Surprisento thSurprise mySurprisetSurpriseSurpriseSurpriseSurpriseSurprise of thSurprise SurprisenSurprisevSurpriseSurpriseSurpriseSurprise wSurpriseth SurpriseSurprisex bSurpriseSurprisellSurpriseant mSurprisendSurprise fSurpriseom IndSurprisea. Hold on tSurpriseght, cSurprisez thSurpriseSurprise lSurprisevSurprise SurprisetSurpriseSurpriseam.,,,,
,,,,,,
